{
  "HOME": {
    "shoulder_pan.pos": 90.24175824175825,
    "shoulder_lift.pos": -95.12087912087912,
    "elbow_flex.pos": 96.61538461538461,
    "wrist_flex.pos": 67.38461538461539,
    "wrist_roll.pos": 4.791208791208791,
    "gripper.pos": 9.0625
  },
  "ABOVE_BOWL": {
    "shoulder_pan.pos": -6.373626373626373,
    "shoulder_lift.pos": -14.505494505494505,
    "elbow_flex.pos": -24.703296703296704,
    "wrist_flex.pos": 42.76923076923077,
    "wrist_roll.pos": 4.43956043956044,
    "gripper.pos": 13.875000000000002
  },
  "STIR_DEPTH": {
    "shoulder_pan.pos": -4.967032967032967,
    "shoulder_lift.pos": -27.78021978021978,
    "elbow_flex.pos": 60.48351648351648,
    "wrist_flex.pos": -32.83516483516483,
    "wrist_roll.pos": 4.43956043956044,
    "gripper.pos": 13.625000000000002
  },
  "LIFT": {
    "shoulder_pan.pos": -4.615384615384615,
    "shoulder_lift.pos": -104.17582417582418,
    "elbow_flex.pos": 96.52747252747253,
    "wrist_flex.pos": -33.714285714285715,
    "wrist_roll.pos": 4.351648351648351,
    "gripper.pos": 13.625000000000002
  },
  "PARK": {
    "shoulder_pan.pos": 66.5934065934066,
    "shoulder_lift.pos": -103.91208791208791,
    "elbow_flex.pos": 96.7032967032967,
    "wrist_flex.pos": -69.31868131868131,
    "wrist_roll.pos": 4.7032967032967035,
    "gripper.pos": 13.5
  },
  "STIR_FORWARD": {
    "shoulder_pan.pos": -9.274725274725276,
    "shoulder_lift.pos": -6.329670329670329,
    "elbow_flex.pos": 34.285714285714285,
    "wrist_flex.pos": -20.87912087912088,
    "wrist_roll.pos": 4.527472527472527,
    "gripper.pos": 13.6875
  },
  "STIR_BACK": {
    "shoulder_pan.pos": -9.714285714285714,
    "shoulder_lift.pos": -56.879120879120876,
    "elbow_flex.pos": 70.85714285714286,
    "wrist_flex.pos": -4.8791208791208796,
    "wrist_roll.pos": 4.351648351648351,
    "gripper.pos": 13.6875
  },
  "STIR_LEFT": {
    "shoulder_pan.pos": -19.032967032967033,
    "shoulder_lift.pos": -18.63736263736264,
    "elbow_flex.pos": 56.79120879120879,
    "wrist_flex.pos": -42.857142857142854,
    "wrist_roll.pos": 4.527472527472527,
    "gripper.pos": 13.6875
  },
  "STIR_RIGHT": {
    "shoulder_pan.pos": 1.1868131868131868,
    "shoulder_lift.pos": -11.956043956043956,
    "elbow_flex.pos": 56.35164835164835,
    "wrist_flex.pos": -43.56043956043956,
    "wrist_roll.pos": 4.43956043956044,
    "gripper.pos": 13.6875
  },
  "UP": {
    "shoulder_pan.pos": -7.604395604395604,
    "shoulder_lift.pos": 13.978021978021978,
    "elbow_flex.pos": 55.91208791208791,
    "wrist_flex.pos": -89.62637362637362,
    "wrist_roll.pos": -3.7362637362637363,
    "gripper.pos": 13.625000000000002
  },
  "DOWN": {
    "shoulder_pan.pos": -7.6923076923076925,
    "shoulder_lift.pos": 6.241758241758242,
    "elbow_flex.pos": 10.021978021978022,
    "wrist_flex.pos": 19.032967032967033,
    "wrist_roll.pos": -3.2967032967032965,
    "gripper.pos": 13.6875
  },
  "LEFT": {
    "shoulder_pan.pos": -2.5934065934065935,
    "shoulder_lift.pos": -11.076923076923077,
    "elbow_flex.pos": 56.527472527472526,
    "wrist_flex.pos": -43.56043956043956,
    "wrist_roll.pos": -31.516483516483518,
    "gripper.pos": 13.6875
  },
  "RIGHT": {
    "shoulder_pan.pos": -11.12087912087912,
    "shoulder_lift.pos": -11.428571428571429,
    "elbow_flex.pos": 60.65934065934066,
    "wrist_flex.pos": -43.56043956043956,
    "wrist_roll.pos": 33.97802197802198,
    "gripper.pos": 13.5625
  },
  "CUP_APPROACH": {
    "shoulder_pan.pos": -35.120879120879124,
    "shoulder_lift.pos": -29.0989010989011,
    "elbow_flex.pos": 27.604395604395606,
    "wrist_flex.pos": 77.84615384615384,
    "wrist_roll.pos": -5.846153846153846,
    "gripper.pos": 33.375
  },
  "CUP_GRASP": {
    "shoulder_pan.pos": -34.505494505494504,
    "shoulder_lift.pos": -9.23076923076923,
    "elbow_flex.pos": 32.967032967032964,
    "wrist_flex.pos": 63.42857142857143,
    "wrist_roll.pos": -26.32967032967033,
    "gripper.pos": 14.5625
  },
  "CUP_LIFT": {
    "shoulder_pan.pos": -2.5054945054945055,
    "shoulder_lift.pos": 1.4065934065934067,
    "elbow_flex.pos": -32.79120879120879,
    "wrist_flex.pos": 101.05494505494505,
    "wrist_roll.pos": -65.53846153846153,
    "gripper.pos": 14.124999999999998
  },
  "CUP_POUR": {
    "shoulder_pan.pos": -3.5604395604395602,
    "shoulder_lift.pos": -26.9010989010989,
    "elbow_flex.pos": 73.58241758241758,
    "wrist_flex.pos": -66.50549450549451,
    "wrist_roll.pos": 57.45054945054945,
    "gripper.pos": 13.5
  },
  "CUP_PLACE": {
    "shoulder_pan.pos": -55.51648351648352,
    "shoulder_lift.pos": -26.285714285714285,
    "elbow_flex.pos": 53.0989010989011,
    "wrist_flex.pos": 56.83516483516483,
    "wrist_roll.pos": -50.94505494505494,
    "gripper.pos": 13.750000000000002
  },
  "CUP_RELEASE": {
    "shoulder_pan.pos": -55.604395604395606,
    "shoulder_lift.pos": -26.63736263736264,
    "elbow_flex.pos": 53.0989010989011,
    "wrist_flex.pos": 56.65934065934066,
    "wrist_roll.pos": -51.120879120879124,
    "gripper.pos": 92.0625
  },
  "STIRRER_APPROACH": {
    "shoulder_pan.pos": 56.92307692307692,
    "shoulder_lift.pos": -67.42857142857143,
    "elbow_flex.pos": 57.494505494505496,
    "wrist_flex.pos": 21.846153846153847,
    "wrist_roll.pos": 6.725274725274725,
    "gripper.pos": 43.5625
  },
  "STIRRER_GRASP": {
    "shoulder_pan.pos": 60.7032967032967,
    "shoulder_lift.pos": -38.24175824175824,
    "elbow_flex.pos": 51.252747252747255,
    "wrist_flex.pos": 4.0,
    "wrist_roll.pos": 2.681318681318681,
    "gripper.pos": 13.6875
  },
  "STIRRER_LIFT": {
    "shoulder_pan.pos": -9.89010989010989,
    "shoulder_lift.pos": -20.307692307692307,
    "elbow_flex.pos": -1.7582417582417582,
    "wrist_flex.pos": 24.21978021978022,
    "wrist_roll.pos": 7.076923076923077,
    "gripper.pos": 11.9375
  },
  "STIRRER_READY": {
    "shoulder_pan.pos": -10.241758241758241,
    "shoulder_lift.pos": -24.52747252747253,
    "elbow_flex.pos": 56.879120879120876,
    "wrist_flex.pos": -24.835164835164836,
    "wrist_roll.pos": 3.120879120879121,
    "gripper.pos": 11.9375
  }
}
